,index,longitude,latitude,depth,uncor_bht,harrison_correction,bhtcorrected_temp,surface_temp,harrison_gradient,reference_data_set,state,k_source,k_section,resistance,k,q_calculated,quality,basement_depth,correction,bht_well,well_ave_hf,file_number,operation_name,drilling_start,drilling_complete,tsc,state_plane_meter_x_coordinate,state_plane_meter_y_coordinate,company_name,well_type,well_status,field_name,formation,elevation_measured,elevation_ft,elevation_m,county_name
0,0,-93.1672,32.8002,3879.3,173.9,19.1,193.0,19.35,44.7,"American Association of Petroleum Geologist-CSDE-COSUNA and Geothermal Survey Data_Rom, 1994.",LA,Estimate: Blackwell Gulf Coast K Model,,,2.09,93.0,BHT-C,,Harrison,3.0,79.0,,,,,,,,,Oil or Gas Well,Drilled before 1972,,,,,,
1,1,-94.9812,32.6775,3929.3,165.6,19.1,184.7,20.89,42.0,"American Association of Petroleum Geologist-CSDE-COSUNA and Geothermal Survey Data_Rom, 1994.",TX,Estimate: Blackwell Gulf Coast K Model,,,2.12,89.0,BHT-C,,Harrison,2.0,87.0,,,,,,,,,Oil or Gas Well,Drilled before 1972,,,,,,
2,2,-93.1672,32.8002,3647.9,148.9,18.9,167.8,19.35,40.7,"American Association of Petroleum Geologist-CSDE-COSUNA and Geothermal Survey Data_Rom, 1994.",LA,Estimate: Blackwell Gulf Coast K Model,,,2.09,85.0,BHT-C,,Harrison,3.0,79.0,,,,,,,,,Oil or Gas Well,Drilled before 1972,,,,,,
3,3,-94.9812,32.6775,3595.1,142.2,18.9,161.1,20.89,39.4,"American Association of Petroleum Geologist-CSDE-COSUNA and Geothermal Survey Data_Rom, 1994.",TX,Estimate: Blackwell Gulf Coast K Model,,,2.12,84.0,BHT-C,,Harrison,2.0,87.0,,,,,,,,,Oil or Gas Well,Drilled before 1972,,,,,,
4,4,-94.62969,32.5311,3514.0,157.78,,158.0,20.87,39.02,Batiretal2018,TX,2018 Thermal K calcuated used COSUNA model: TXGC6alt100 |Temperature: SMU HF Database,,,2.35,93.62,BHT-D,,Harrison,1.0,93.62,,,,,,,,,,,,,,,,Harrison County
5,5,-93.4002,32.7832,3274.7,136.1,18.2,154.3,19.49,41.2,"American Association of Petroleum Geologist-CSDE-COSUNA and Geothermal Survey Data_Rom, 1994.",LA,Estimate: Blackwell Gulf Coast K Model,,,2.1,87.0,BHT-C,,Harrison,2.0,84.0,,,,,,,,,Oil or Gas Well,Drilled before 1972,,,,,,
6,8,-94.82131,32.56314,3398.0,151.11,,151.0,20.96,38.27,Batiretal2018,TX,2018 Thermal K calcuated used COSUNA model: TXGC6alt100 |Temperature: SMU HF Database,,,2.35,91.6,BHT-C,,Harrison,1.0,91.6,,,,,,,,,,,,,,,,Gregg County
7,9,-94.83413,32.51575,3380.95,131.67,,150.11,21.03,38.18,Batiretal2018,TX,2018 Thermal K calcuated used COSUNA model: TXGC6alt100 |Temperature: SMU HF Database,,,2.35,91.51,BHT-C,,Harrison,1.0,91.51,,,,,,,,,,,,,,,,Gregg County
8,12,-94.75825,32.51843,3399.84,130.56,,149.05,20.98,37.67,Batiretal2018,TX,2018 Thermal K calcuated used COSUNA model: TXGC6alt100 |Temperature: SMU HF Database,,,2.34,89.95,BHT-C,,Harrison,1.0,89.95,,,,,,,,,,,,,,,,Gregg County
9,13,-94.72241,32.55275,3300.0,149.44,,149.0,20.92,38.81,Batiretal2018,TX,2018 Thermal K calcuated used COSUNA model: TXGC6alt100 |Temperature: SMU HF Database,,,2.35,92.67,BHT-D,,Harrison,1.0,92.67,,,,,,,,,,,,,,,,Gregg County
10,17,-94.82437,32.55629,3319.0,147.22,,147.0,20.97,37.97,Batiretal2018,TX,2018 Thermal K calcuated used COSUNA model: TXGC6alt100 |Temperature: SMU HF Database,,,2.36,91.13,BHT-C,,Harrison,1.0,91.13,,,,,,,,,,,,,,,,Gregg County
11,18,-94.82124,32.51989,3286.0,146.67,,147.0,21.02,38.34,Batiretal2018,TX,2018 Thermal K calcuated used COSUNA model: TXGC6alt100 |Temperature: SMU HF Database,,,2.36,92.08,BHT-C,,Harrison,1.0,92.08,,,,,,,,,,,,,,,,Gregg County
12,19,-94.82287,32.54322,3292.0,147.22,,147.0,20.99,38.28,Batiretal2018,TX,2018 Thermal K calcuated used COSUNA model: TXGC6alt100 |Temperature: SMU HF Database,,,2.36,91.92,BHT-C,,Harrison,1.0,91.92,,,,,,,,,,,,,,,,Gregg County
13,20,-94.82741,32.5295,3286.0,146.67,,147.0,21.01,38.34,Batiretal2018,TX,2018 Thermal K calcuated used COSUNA model: TXGC6alt100 |Temperature: SMU HF Database,,,2.36,92.12,BHT-C,,Harrison,1.0,92.12,,,,,,,,,,,,,,,,Gregg County
14,21,-94.80647,32.54752,3298.0,147.22,,147.0,20.98,38.21,Batiretal2018,TX,2018 Thermal K calcuated used COSUNA model: TXGC6alt100 |Temperature: SMU HF Database,,,2.36,91.67,BHT-C,,Harrison,1.0,91.67,,,,,,,,,,,,,,,,Gregg County
15,26,-94.82652,32.52506,3288.0,146.11,,146.0,21.02,38.01,Batiretal2018,TX,2018 Thermal K calcuated used COSUNA model: TXGC6alt100 |Temperature: SMU HF Database,,,2.36,91.33,BHT-C,,Harrison,1.0,91.33,,,,,,,,,,,,,,,,Gregg County
16,35,-94.82735,32.5682,3272.0,142.78,,143.0,20.96,37.3,Batiretal2018,TX,2018 Thermal K calcuated used COSUNA model: TXGC6alt100 |Temperature: SMU HF Database,,,2.36,89.68,BHT-C,,Harrison,1.0,89.68,,,,,,,,,,,,,,,,Gregg County
17,36,-94.73786,32.5704,3293.0,143.33,,143.0,20.91,37.08,Batiretal2018,TX,2018 Thermal K calcuated used COSUNA model: TXGC6alt100 |Temperature: SMU HF Database,,,2.35,88.68,BHT-C,,Harrison,1.0,88.68,,,,,,,,,,,,,,,,Gregg County
18,41,-94.82687,32.56448,3271.0,142.78,,143.0,20.96,37.31,Batiretal2018,TX,2018 Thermal K calcuated used COSUNA model: TXGC6alt100 |Temperature: SMU HF Database,,,2.36,89.71,BHT-C,,Harrison,1.0,89.71,,,,,,,,,,,,,,,,Gregg County
19,47,-94.79174,32.51933,3257.0,142.22,,142.0,21.0,37.15,Batiretal2018,TX,2018 Thermal K calcuated used COSUNA model: TXGC6alt100 |Temperature: SMU HF Database,,,2.36,89.23,BHT-C,,Harrison,1.0,89.23,,,,,,,,,,,,,,,,Gregg County
20,49,-94.79762,32.58465,3256.0,142.22,,142.0,20.92,37.19,Batiretal2018,TX,2018 Thermal K calcuated used COSUNA model: TXGC6alt100 |Temperature: SMU HF Database,,,2.36,89.32,BHT-C,,Harrison,1.0,89.32,,,,,,,,,,,,,,,,Gregg County
