longitude,latitude,depth,uncor_bht,harrison_correction,bhtcorrected_temp,surface_temp,harrison_gradient,reference_data_set,state,k_source,k_section,resistance,k,q_calculated,quality,basement_depth,correction,bht_well,well_ave_hf,file_number,operation_name,drilling_start,drilling_complete,tsc,state_plane_meter_x_coordinate,state_plane_meter_y_coordinate,company_name,well_type,well_status,field_name,formation,elevation_measured,elevation_ft,elevation_m,county_name
-95.218,31.2634,521.3,57.2,0.0,57.2,22.4,66.8,"Blackwell, D.D., M. Richards, and P. Stepp, Texas Geothermal Assessment for the I-35 Corridor East, Final Report for the Texas State Energy Conservation, Contract CM709, SMU Geothermal Laboratory, 88 p., 2010.",TX,Estimate: Blackwell Gulf Coast K Model,,,1.99,133.0,BHT-G,,,1.0,,,,,,1.0,,,Range Resources,Oil Well,Unknown,Laura LaVelle,,KB,363.0,110.67,Houston
-93.9206,31.7049,841.5,65.0,0.0,65.0,21.1,52.2,"Blackwell, D.D., M. Richards, and P. Stepp, Texas Geothermal Assessment for the I-35 Corridor East, Final Report for the Texas State Energy Conservation, Contract CM709, SMU Geothermal Laboratory, 88 p., 2010.",TX,Estimate: Blackwell Gulf Coast K Model,,,2.0,104.0,BHT-C,,,1.0,104.0,,,,,4.25,,,"Ellora Operating, LP",Gas Well,Unknown,Huxley ,,KB,294.0,89.63,Shelby
-94.85021,32.51014,1144.3,79.44,,80.77,21.05,52.19,Batiretal2018,TX,2018 Thermal K calcuated used COSUNA model: TXGC6alt100 |Temperature: SMU HF Database,,,2.27,118.95,BHT-D,,Harrison,1.0,118.95,,,,,,,,,,,,,,,,Gregg County
-94.2976,32.6898,1791.5,101.7,8.7,110.4,20.5,50.2,"Blackwell, D.D., M. Richards, and P. Stepp, Texas Geothermal Assessment for the I-35 Corridor East, Final Report for the Texas State Energy Conservation, Contract CM709, SMU Geothermal Laboratory, 88 p., 2010.",TX,Estimate: Blackwell Gulf Coast K Model,,,2.07,104.0,BHT-C,,Harrison,1.0,104.0,,,,,7.0,,,"Harleton Oil & Gas, Inc.",Gas Well,Unknown,Woodlawn  ,Rodessa,KB,302.0,92.07,Harrison
-93.8744,31.7418,1847.2,103.3,9.2,112.5,21.0,49.5,"Blackwell, D.D., M. Richards, and P. Stepp, Texas Geothermal Assessment for the I-35 Corridor East, Final Report for the Texas State Energy Conservation, Contract CM709, SMU Geothermal Laboratory, 88 p., 2010.",TX,Estimate: Blackwell Gulf Coast K Model,,,2.0,99.0,BHT-C,,Harrison,3.0,78.0,,,,,,,,GNK Inc.,Gas Well,Unknown,Huxley,,DF,253.6,77.32,Shelby
-94.7995,31.8001,2791.2,142.2,16.2,158.4,21.8,48.9,"Blackwell, D.D., M. Richards, and P. Stepp, Texas Geothermal Assessment for the I-35 Corridor East, Final Report for the Texas State Energy Conservation, Contract CM709, SMU Geothermal Laboratory, 88 p., 2010.",TX,Estimate: Blackwell Gulf Coast K Model,,,2.02,99.0,BHT-C,,Harrison,2.0,86.0,,,,,4.0,,,ExxonMobil Production Co,Gas Well,Unknown,Trawick,,KB,447.5,136.43,Nacogdoches
-93.8704,31.7162,1190.2,76.7,1.9,78.6,21.0,48.4,"Blackwell, D.D., M. Richards, and P. Stepp, Texas Geothermal Assessment for the I-35 Corridor East, Final Report for the Texas State Energy Conservation, Contract CM709, SMU Geothermal Laboratory, 88 p., 2010.",TX,Estimate: Blackwell Gulf Coast K Model,,,2.0,97.0,BHT-C,,Harrison,1.0,97.0,,,,,4.0,,,"Samson Lonestar Partnership, Ltd",Gas Well,Unknown,Huxley ,,KB,213.0,64.94,Shelby
-94.73103,32.38374,3642.0,192.22,,192.0,21.14,46.91,Batiretal2018,TX,2018 Thermal K calcuated used COSUNA model: TXGC6alt100 |Temperature: SMU HF Database,,,2.34,111.83,BHT-D,,Harrison,1.0,111.83,,,,,,,,,,,,,,,,Gregg County
-94.82097,32.3483,3053.56,143.33,,160.74,21.23,45.69,Batiretal2018,TX,2018 Thermal K calcuated used COSUNA model: TXGC6alt100 |Temperature: SMU HF Database,,,2.32,107.58,BHT-D,,Harrison,1.0,107.58,,,,,,,,,,,,,,,,Rusk County
-94.6304,32.6303,2681.7,126.1,15.6,141.7,20.7,45.1,"Blackwell, D.D., M. Richards, and P. Stepp, Texas Geothermal Assessment for the I-35 Corridor East, Final Report for the Texas State Energy Conservation, Contract CM709, SMU Geothermal Laboratory, 88 p., 2010.",TX,Estimate: Blackwell Gulf Coast K Model,,,2.07,93.0,BHT-C,,Harrison,1.0,93.0,,,,,10.0,,,"Brammer Engineering, Inc.",Gas Well,Unknown,North Lansing,,KB,236.1,71.98,Harrison
-93.1672,32.8002,3879.3,173.9,19.1,193.0,19.35,44.7,"American Association of Petroleum Geologist-CSDE-COSUNA and Geothermal Survey Data_Rom, 1994.",LA,Estimate: Blackwell Gulf Coast K Model,,,2.09,93.0,BHT-C,,Harrison,3.0,79.0,,,,,,,,,Oil or Gas Well,Drilled before 1972,,,,,,
-94.549,31.9197,3739.6,165.0,19.0,184.0,21.47,43.7,"American Association of Petroleum Geologist-CSDE-COSUNA and Geothermal Survey Data_Rom, 1994.",TX,Estimate: Blackwell Gulf Coast K Model,,,2.02,88.0,BHT-C,,Harrison,3.0,79.0,,,,,,,,,Oil or Gas Well,Drilled before 1972,,,,,,
-93.4342,32.6172,1237.8,71.1,2.5,73.6,19.61,43.7,"American Association of Petroleum Geologist-CSDE-COSUNA and Geothermal Survey Data_Rom, 1994.",LA,Estimate: Blackwell Gulf Coast K Model,,,2.08,91.0,BHT-C,,Harrison,3.0,77.0,,,,,,,,,Oil or Gas Well,Drilled before 1972,,,,,,
-95.212,31.2644,519.8,45.0,0.0,45.0,22.4,43.5,"Blackwell, D.D., M. Richards, and P. Stepp, Texas Geothermal Assessment for the I-35 Corridor East, Final Report for the Texas State Energy Conservation, Contract CM709, SMU Geothermal Laboratory, 88 p., 2010.",TX,Estimate: Blackwell Gulf Coast K Model,,,1.99,87.0,BHT-C,,,1.0,87.0,,,,,,,,Range Production Co,Oil Well,Unknown,"Laura LaValle, E.",Carrizo,KB,,,Houston
-94.64352,32.59281,2495.73,114.44,,128.92,20.8,43.32,Batiretal2018,TX,2018 Thermal K calcuated used COSUNA model: TXGC6alt100 |Temperature: SMU HF Database,,,2.3,101.01,BHT-D,,Harrison,1.0,101.01,,,,,,,,,,,,,,,,Harrison County
-93.3002,31.7002,1263.4,72.2,2.8,75.0,20.08,43.2,"American Association of Petroleum Geologist-CSDE-COSUNA and Geothermal Survey Data_Rom, 1994.",LA,Estimate: Blackwell Gulf Coast K Model,,,1.98,86.0,BHT-C,,Harrison,2.0,71.0,,,,,,,,,Oil or Gas Well,Drilled before 1972,,,,,,
-94.82837,32.51474,1117.54,68.33,,69.31,21.03,43.2,Batiretal2018,TX,2018 Thermal K calcuated used COSUNA model: TXGC6alt100 |Temperature: SMU HF Database,,,2.27,98.73,BHT-D,,Harrison,1.0,98.73,,,,,,,,,,,,,,,,Gregg County
-94.83458,32.49132,1124.47,68.33,,69.4,21.07,42.98,Batiretal2018,TX,2018 Thermal K calcuated used COSUNA model: TXGC6alt100 |Temperature: SMU HF Database,,,2.27,98.24,BHT-C,,Harrison,1.0,98.24,,,,,,,,,,,,,,,,Gregg County
-94.66516,32.30692,2364.78,108.89,,122.46,21.18,42.83,Batiretal2018,TX,2018 Thermal K calcuated used COSUNA model: TXGC6alt100 |Temperature: SMU HF Database,,,2.3,99.83,BHT-C,,Harrison,1.0,99.83,,,,,,,,,,,,,,,107.29,Rusk County
-94.2828,32.6804,2013.4,95.0,10.8,105.8,20.5,42.4,"Blackwell, D.D., M. Richards, and P. Stepp, Texas Geothermal Assessment for the I-35 Corridor East, Final Report for the Texas State Energy Conservation, Contract CM709, SMU Geothermal Laboratory, 88 p., 2010.",TX,Estimate: Blackwell Gulf Coast K Model,,,2.07,88.0,BHT-C,,Harrison,1.0,88.0,,,,,13.25,,,Sam R. Sparks,Gas Well,Unknown,Woodlawn,,KB,319.0,97.26,Harrison
-94.58102,32.4382,3428.8,147.22,,165.78,20.95,42.24,Batiretal2018,TX,2018 Thermal K calcuated used COSUNA model: TXGC6alt100 |Temperature: SMU HF Database,,,2.35,100.95,BHT-C,,Harrison,1.0,100.95,,,,,,,,,,,,,,,81.08,Harrison County
-94.549,31.9197,3637.8,154.4,18.9,173.3,21.47,42.0,"American Association of Petroleum Geologist-CSDE-COSUNA and Geothermal Survey Data_Rom, 1994.",TX,Estimate: Blackwell Gulf Coast K Model,,,2.02,85.0,BHT-C,,Harrison,3.0,79.0,,,,,,,,,Oil or Gas Well,Drilled before 1972,,,,,,
-94.9812,32.6775,3929.3,165.6,19.1,184.7,20.89,42.0,"American Association of Petroleum Geologist-CSDE-COSUNA and Geothermal Survey Data_Rom, 1994.",TX,Estimate: Blackwell Gulf Coast K Model,,,2.12,89.0,BHT-C,,Harrison,2.0,87.0,,,,,,,,,Oil or Gas Well,Drilled before 1972,,,,,,
-94.3136,32.1338,2135.7,98.9,11.8,110.7,21.2,41.9,"Blackwell, D.D., M. Richards, and P. Stepp, Texas Geothermal Assessment for the I-35 Corridor East, Final Report for the Texas State Energy Conservation, Contract CM709, SMU Geothermal Laboratory, 88 p., 2010.",TX,Estimate: Blackwell Gulf Coast K Model,,,2.04,85.0,BHT-C,,Harrison,1.0,85.0,,,,,5.0,,,Anadarko ,Gas Well,Unknown,Carthage  ,Travis Peak,KB,312.0,95.12,Panola
-93.7674,31.0513,2589.9,114.4,15.1,129.5,21.4,41.7,"Blackwell, D.D., M. Richards, and P. Stepp, Texas Geothermal Assessment for the I-35 Corridor East, Final Report for the Texas State Energy Conservation, Contract CM709, SMU Geothermal Laboratory, 88 p., 2010.",TX,Estimate: Blackwell Gulf Coast K Model,,,1.97,82.0,BHT-C,,Harrison,1.0,82.0,,,,,,,,Swift Energy Co,Oil Well,Unknown,Brookland,,KB,414.0,126.22,Newton
-94.076,30.6835,2365.2,106.1,13.6,119.7,21.84,41.5,"American Association of Petroleum Geologist-CSDE-COSUNA and Geothermal Survey Data_Rom, 1994.",TX,Estimate: Blackwell Gulf Coast K Model,,,1.91,79.0,BHT-C,,Harrison,1.0,79.0,,,,,,,,,Oil or Gas Well,Drilled before 1972,,,,,,
-94.0819,32.0602,1280.5,71.1,3.0,74.1,21.1,41.4,"Blackwell, D.D., M. Richards, and P. Stepp, Texas Geothermal Assessment for the I-35 Corridor East, Final Report for the Texas State Energy Conservation, Contract CM709, SMU Geothermal Laboratory, 88 p., 2010.",TX,Estimate: Blackwell Gulf Coast K Model,,,2.03,84.0,BHT-C,,Harrison,1.0,84.0,,,,,4.5,,,"Harleton Oil & Gas, Inc.",Oil or Gas Well,Unknown,Carthage,,KB,232.6,70.91,Panola
-94.7266,30.8416,4139.3,174.4,19.1,193.5,22.2,41.4,"Blackwell, D.D., M. Richards, and P. Stepp, Texas Geothermal Assessment for the I-35 Corridor East, Final Report for the Texas State Energy Conservation, Contract CM709, SMU Geothermal Laboratory, 88 p., 2010.",TX,Estimate: Blackwell Gulf Coast K Model,,,1.98,82.0,BHT-C,,Harrison,1.0,82.0,,,,,,,,Pan American A-1 Southland Paper Mill ,Oil or Gas Well,Unknown,,,,,,Polk
-93.4002,32.7832,3274.7,136.1,18.2,154.3,19.49,41.2,"American Association of Petroleum Geologist-CSDE-COSUNA and Geothermal Survey Data_Rom, 1994.",LA,Estimate: Blackwell Gulf Coast K Model,,,2.1,87.0,BHT-C,,Harrison,2.0,84.0,,,,,,,,,Oil or Gas Well,Drilled before 1972,,,,,,
-93.9638,31.7591,1115.2,66.1,0.9,67.0,21.1,41.2,"Blackwell, D.D., M. Richards, and P. Stepp, Texas Geothermal Assessment for the I-35 Corridor East, Final Report for the Texas State Energy Conservation, Contract CM709, SMU Geothermal Laboratory, 88 p., 2010.",TX,Estimate: Blackwell Gulf Coast K Model,,,2.0,82.0,BHT-C,,Harrison,1.0,82.0,,,,,6.0,,,"Rosetta Energy Partners, LP",Gas Well,Unknown,Huxley,,KB,309.0,94.21,Shelby
-94.64604,32.35667,3945.7,164.44,,183.51,21.11,41.16,Batiretal2018,TX,2018 Thermal K calcuated used COSUNA model: TXGC6alt100 |Temperature: SMU HF Database,,,2.38,99.93,BHT-C,,Harrison,1.0,99.93,,,,,,,,,,,,,,,109.73,Rusk County
-94.81602,32.40481,2309.0,115.56,,116.0,21.16,41.07,Batiretal2018,TX,2018 Thermal K calcuated used COSUNA model: TXGC6alt100 |Temperature: SMU HF Database,,,2.3,95.56,BHT-D,,Harrison,1.0,95.56,,,,,,,,,,,,,,,,Gregg County
-93.7058,33.4578,2227.1,97.8,12.5,110.3,19.05,41.0,"American Association of Petroleum Geologist-CSDE-COSUNA and Geothermal Survey Data_Rom, 1994.",AR,Estimate: Blackwell Gulf Coast K Model,,,2.18,89.0,BHT-C,,Harrison,1.0,89.0,,,,,,,,,Oil or Gas Well,Drilled before 1972,,,,,,
-93.7168,33.4501,2226.5,97.8,12.5,110.3,19.07,41.0,"American Association of Petroleum Geologist-CSDE-COSUNA and Geothermal Survey Data_Rom, 1994.",AR,Estimate: Blackwell Gulf Coast K Model,,,2.18,89.0,BHT-C,,Harrison,2.0,83.0,,,,,,,,,Oil or Gas Well,Drilled before 1972,,,,,,
-93.9445,33.4287,982.6,60.0,-0.8,59.2,19.23,40.9,"American Association of Petroleum Geologist-CSDE-COSUNA and Geothermal Survey Data_Rom, 1994.",AR,Estimate: Blackwell Gulf Coast K Model,,,2.18,89.0,BHT-C,,Harrison,1.0,89.0,,,,,,,,,Oil or Gas Well,Drilled before 1972,,,,,,
-94.78846,32.42982,2454.18,107.22,,121.42,21.12,40.87,Batiretal2018,TX,2018 Thermal K calcuated used COSUNA model: TXGC6alt100 |Temperature: SMU HF Database,,,2.3,95.35,BHT-C,,Harrison,1.0,95.35,,,,,,,,,,,,,,,,Gregg County
-94.3185,32.0238,2893.6,122.8,16.7,139.5,21.3,40.8,"Blackwell, D.D., M. Richards, and P. Stepp, Texas Geothermal Assessment for the I-35 Corridor East, Final Report for the Texas State Energy Conservation, Contract CM709, SMU Geothermal Laboratory, 88 p., 2010.",TX,Estimate: Blackwell Gulf Coast K Model,,,2.03,83.0,BHT-C,,Harrison,1.0,83.0,,,,,,,,ConocoPhillips,Gas Well,Unknown,Carthage,,KB,273.0,83.23,Panola
-94.61178,32.3553,3112.0,148.33,,148.0,21.08,40.78,Batiretal2018,TX,2018 Thermal K calcuated used COSUNA model: TXGC6alt100 |Temperature: SMU HF Database,,,2.36,97.69,BHT-C,,Harrison,1.0,97.69,,,,,,,,,,,,,,,,Rusk County
-93.1672,32.8002,3647.9,148.9,18.9,167.8,19.35,40.7,"American Association of Petroleum Geologist-CSDE-COSUNA and Geothermal Survey Data_Rom, 1994.",LA,Estimate: Blackwell Gulf Coast K Model,,,2.09,85.0,BHT-C,,Harrison,3.0,79.0,,,,,,,,,Oil or Gas Well,Drilled before 1972,,,,,,
-94.55943,32.33463,3145.0,149.44,,149.0,21.06,40.68,Batiretal2018,TX,2018 Thermal K calcuated used COSUNA model: TXGC6alt100 |Temperature: SMU HF Database,,,2.35,97.08,BHT-C,,Harrison,1.0,97.08,,,,,,,,,,,,,,,,Rusk County
-94.1788,32.4027,2042.7,92.8,11.0,103.8,20.8,40.6,"Blackwell, D.D., M. Richards, and P. Stepp, Texas Geothermal Assessment for the I-35 Corridor East, Final Report for the Texas State Energy Conservation, Contract CM709, SMU Geothermal Laboratory, 88 p., 2010.",TX,Estimate: Blackwell Gulf Coast K Model,,,2.05,83.0,BHT-C,,Harrison,1.0,83.0,,,,,5.0,,,"Bowles Energy, Inc.",Gas Well,Unknown,Bethany,,KB,381.0,116.16,Harrison
-94.57432,32.4312,3302.25,136.67,,154.91,20.96,40.56,Batiretal2018,TX,2018 Thermal K calcuated used COSUNA model: TXGC6alt100 |Temperature: SMU HF Database,,,2.34,96.69,BHT-C,,Harrison,1.0,96.69,,,,,,,,,,,,,,,,Harrison County
-94.3535,30.8519,3416.8,141.1,18.5,159.6,21.96,40.4,"American Association of Petroleum Geologist-CSDE-COSUNA and Geothermal Survey Data_Rom, 1994.",TX,Estimate: Blackwell Gulf Coast K Model,,,1.93,78.0,BHT-C,,Harrison,1.0,78.0,,,,,,,,,Oil or Gas Well,Drilled before 1972,,,,,,
-94.66361,32.32195,2324.48,101.67,,114.95,21.16,40.35,Batiretal2018,TX,2018 Thermal K calcuated used COSUNA model: TXGC6alt100 |Temperature: SMU HF Database,,,2.3,94.09,BHT-C,,Harrison,1.0,94.09,,,,,,,,,,,,,,,119.18,Rusk County
-94.82854,32.37636,3419.67,140.56,,159.09,21.2,40.32,Batiretal2018,TX,2018 Thermal K calcuated used COSUNA model: TXGC6alt100 |Temperature: SMU HF Database,,,2.35,96.59,BHT-D,,Harrison,1.0,96.59,,,,,,,,,,,,,,,119.48,Gregg County
-94.2621,32.1346,2140.2,95.6,11.8,107.4,21.2,40.3,"Blackwell, D.D., M. Richards, and P. Stepp, Texas Geothermal Assessment for the I-35 Corridor East, Final Report for the Texas State Energy Conservation, Contract CM709, SMU Geothermal Laboratory, 88 p., 2010.",TX,Estimate: Blackwell Gulf Coast K Model,,,2.04,82.0,BHT-C,,Harrison,2.0,79.0,,,,,6.0,,,"Anadarko E&P Co., LP",Oil Well,Unknown,Carthage,,KB,312.0,95.12,Panola
-95.095,32.3838,2618.9,111.7,15.2,126.9,21.3,40.3,"Blackwell, D.D., M. Richards, and P. Stepp, Texas Geothermal Assessment for the I-35 Corridor East, Final Report for the Texas State Energy Conservation, Contract CM709, SMU Geothermal Laboratory, 88 p., 2010.",TX,Estimate: Blackwell Gulf Coast K Model,,,2.06,83.0,BHT-C,,Harrison,1.0,83.0,,,,,5.0,,,"Ellis Exploration, Inc.",Oil Well,Unknown,Chapel Hill,,KB,432.77,131.94,Smith
-94.78284,32.57,2509.9,107.22,,121.79,20.93,40.18,Batiretal2018,TX,2018 Thermal K calcuated used COSUNA model: TXGC6alt100 |Temperature: SMU HF Database,,,2.3,93.79,BHT-C,,Harrison,1.0,93.79,,,,,,,,,,,,,,,120.7,Gregg County
-95.017,30.5526,3207.3,133.3,18.0,151.3,22.8,40.1,"Blackwell, D.D., M. Richards, and P. Stepp, Texas Geothermal Assessment for the I-35 Corridor East, Final Report for the Texas State Energy Conservation, Contract CM709, SMU Geothermal Laboratory, 88 p., 2010.",TX,Estimate: Blackwell Gulf Coast K Model,,,1.97,79.0,BHT-C,,Harrison,1.0,79.0,,,,,,,,King & DeLange I-Langham G.U. ,Oil or Gas Well,Unknown,,,,,,San Jacinto
-94.7213,30.9345,3739.9,153.3,19.0,172.3,22.2,40.1,"Blackwell, D.D., M. Richards, and P. Stepp, Texas Geothermal Assessment for the I-35 Corridor East, Final Report for the Texas State Energy Conservation, Contract CM709, SMU Geothermal Laboratory, 88 p., 2010.",TX,Estimate: Blackwell Gulf Coast K Model,,,1.98,79.0,BHT-C,,Harrison,1.0,79.0,,,,,,,,Wainoco I-Carter Bros. ,Oil or Gas Well,Unknown,,,,,,Polk
-94.53929,32.39758,3242.13,132.78,,150.85,20.97,40.06,Batiretal2018,TX,2018 Thermal K calcuated used COSUNA model: TXGC6alt100 |Temperature: SMU HF Database,,,2.34,95.47,BHT-C,,Harrison,1.0,95.47,,,,,,,,,,,,,,,73.46,Rusk County
-94.7667,31.7767,2433.8,105.0,14.1,119.1,21.7,40.0,"Blackwell, D.D., M. Richards, and P. Stepp, Texas Geothermal Assessment for the I-35 Corridor East, Final Report for the Texas State Energy Conservation, Contract CM709, SMU Geothermal Laboratory, 88 p., 2010.",TX,Estimate: Blackwell Gulf Coast K Model,,,2.01,80.0,BHT-C,,Harrison,1.0,80.0,,,,,9.0,,,ExxonMobil,Gas Well,Unknown,Trawick,,KB,500.0,152.44,Nacogdoches
